country.homeland.term.albania,ALBÂNIA
country.homeland.term.ethiopia,ETIÓPIA
country.homeland.term.hanguk,HANGUK
country.homeland.term.la_patria,A PÁTRIA
country.homeland.term.la_serenissima,A SERENÍSSIMA
country.homeland.term.la_superba,A SOBERBA
country.homeland.term.tawantinsuyu,TAWANTINSUYU
country.homeland.term.the_archbishopric,O ARCEBISPADO
country.homeland.term.the_confederacy,A CONFEDERAÇÃO
country.homeland.term.the_confederation,A CONFEDERAÇÃO
country.homeland.term.the_county,O CONDADO
country.homeland.term.the_duchy,O DUCADO
country.homeland.term.the_electorate,O ELEITORADO
country.homeland.term.the_emirate,O EMIRADO
country.homeland.term.the_empire,O IMPÉRIO
country.homeland.term.the_funj_sultanate,O SULTANATO FUNJ
country.homeland.term.the_haudenosaunee,HAUDENOSAUNEE
country.homeland.term.the_hausa_lands,AS TERRAS HAÚSSAS
country.homeland.term.the_homeland,A PÁTRIA
country.homeland.term.the_horde,A HORDA
country.homeland.term.the_khanate,O CANATO
country.homeland.term.the_kingdom_of_buganda,O REINO DE BUGANDA
country.homeland.term.the_kingdom_of_chimor,O REINO DE CHIMOR
country.homeland.term.the_kingdom_of_luba,O REINO DE LUBA
country.homeland.term.the_malagasy_lands,AS TERRAS MALGAXES
country.homeland.term.the_mapuche_lands,AS TERRAS MAPUCHES
country.homeland.term.the_margraviate,O MARGRAVIATO
country.homeland.term.the_middle_kingdom,O IMPÉRIO DO MEIO
country.homeland.term.the_mississippian_lands,AS TERRAS MISSISSIPPIANAS
country.homeland.term.the_mossi_kingdoms,OS REINOS MOSSI
country.homeland.term.the_muisca_confederation,A CONFEDERAÇÃO MUISCA
country.homeland.term.the_order,A ORDEM
country.homeland.term.the_oyo_empire,O IMPÉRIO DE OIÓ
country.homeland.term.the_palatinate,O PALATINADO
country.homeland.term.the_plateau,O PLANALTO
country.homeland.term.the_principality,O PRINCIPADO
country.homeland.term.the_pueblo_lands,AS TERRAS PUEBLO
country.homeland.term.the_rajahnate,O RAJANATO
country.homeland.term.the_realm,O REINO
country.homeland.term.the_republic,A REPÚBLICA
country.homeland.term.the_sultanate,O SULTANATO
country.homeland.term.the_sultanate_of_adal,O SULTANATO DE ADAL
country.homeland.term.the_swahili_coast,A COSTA SUAÍLI
country.homeland.term.the_taino_lands,AS TERRAS TAÍNAS
country.homeland.term.the_tarascan_state,O ESTADO TARASCO
country.homeland.term.the_tlaxcalan_confederacy,A CONFEDERAÇÃO DE TLAXCALA
country.homeland.term.the_zapotec_kingdom,O REINO ZAPOTECA
country.leader_title.chief,Chefe
country.leader_title.count,Conde
country.leader_title.dalai_lama,Dalai Lama
country.leader_title.despot,Déspota
country.leader_title.diet,Dieta
country.leader_title.doge,Doge
country.leader_title.duke,Duque
country.leader_title.elector,Príncipe-eleitor
country.leader_title.emperor,Imperador
country.leader_title.gajapati,Gajapati
country.leader_title.gonfaloniere,Gonfaloniere
country.leader_title.grand_duke,Grão-duque
country.leader_title.grand_master,Grão-mestre
country.leader_title.grand_prince,Grão-príncipe
country.leader_title.jam,Jam
country.leader_title.khan,Cã
country.leader_title.lakan,Lakan
country.leader_title.maharana,Maharana
country.leader_title.mansa,Mansa
country.leader_title.margrave,Margrave
country.leader_title.mayor,Prefeito
country.leader_title.posadnik,Posadnik
country.leader_title.prince_archbishop,Príncipe-arcebispo
country.leader_title.raja,Rajá
country.leader_title.rajah,Rajá
country.leader_title.regent,Regente
country.leader_title.sapa_inca,Sapa Inca
country.leader_title.shah,Xá
country.leader_title.shogun,Xógum
country.name.ABY,Ethiopian Empire
country.name.ADA,Adal Sultanate
country.name.AKK,Ak Koyunlu
country.name.ARA,Crown of Aragon
country.name.ARK,Kingdom of Mrauk U
country.name.AVA,Kingdom of Ava
country.name.AYU,Ayutthaya Kingdom
country.name.AZT,Aztec Empire
country.name.BAH,Bahmani Sultanate
country.name.BAV,Duchy of Bavaria
country.name.BNG,Bengal Sultanate
country.name.BNK,Kingdom of Benin
country.name.BOH,Kingdom of Bohemia
country.name.BOS,Kingdom of Bosnia
country.name.BRG,Margraviate of Brandenburg
country.name.BRU,Sultanate of Brunei
country.name.BUG,Kingdom of Buganda
country.name.BUR,Duchy of Burgundy
country.name.BYZ,Byzantine Empire
country.name.CAH,Mississippian Chiefdoms (Cahokia)
country.name.CAS,Crown of Castile
country.name.CEB,Rajahnate of Cebu
country.name.CHE,Swiss Confederation
country.name.CHM,Kingdom of Chimor
country.name.CND,Candarids
country.name.COL,Electorate of Cologne
country.name.CPA,Kingdom of Champa
country.name.DAN,Kingdom of Denmark
country.name.DEL,Delhi Sultanate
country.name.DUL,Dulkadirids
country.name.DVT,Dai Viet
country.name.ENG,Kingdom of England
country.name.FLR,Republic of Florence
country.name.FNJ,Funj Sultanate of Sennar
country.name.FRA,Kingdom of France
country.name.GEN,Republic of Genoa
country.name.GRG,Kingdom of Georgia
country.name.GRN,Emirate of Granada
country.name.GUJ,Sultanate of Gujarat
country.name.HAB,Duchy of Austria
country.name.HAU,Hausa City-States
country.name.HFS,Hafsid Sultanate
country.name.HRM,Kingdom of Hormuz
country.name.HUN,Crown of Hungary
country.name.INC,Inca Empire
country.name.IRO,Haudenosaunee Confederacy
country.name.JBR,Jabrid Emirate
country.name.JNP,Jaunpur Sultanate
country.name.JOS,Joseon Dynasty
country.name.KAR,Karamanids
country.name.KBR,Kanem-Bornu Empire
country.name.KKY,Kara Koyunlu
country.name.KLW,Kilwa Sultanate (Swahili Coast)
country.name.KMR,Khmer Kingdom
country.name.KNG,Kingdom of Kongo
country.name.KNI,Knights Hospitaller
country.name.KOT,Kingdom of Kotte
country.name.KRM,Khanate of Crimea
country.name.KSH,Kashmir Sultanate
country.name.KZN,Khanate of Kazan
country.name.LEZ,League of Lezhë
country.name.LIV,Livonian Confederation
country.name.LNA,Lan Na Kingdom
country.name.LTH,Grand Duchy of Lithuania
country.name.LUB,Kingdom of Luba
country.name.LUS,Kingdom of Cyprus
country.name.LXG,Kingdom of Lan Xang
country.name.MAD,Madagascar Chiefdoms
country.name.MAJ,Majapahit Empire
country.name.MAL,Mali Empire
country.name.MAM,Mamluk Sultanate
country.name.MAP,Mapuche
country.name.MAY,Maya Confederacy
country.name.MEW,Kingdom of Mewar
country.name.MGD,Sultanate of Maguindanao
country.name.MGL,Oirat Mongol Confederation
country.name.MID,Kingdom of Middag
country.name.MIL,Duchy of Milan
country.name.MLC,Malacca Sultanate
country.name.MLD,Sultanate of the Maldives
country.name.MLW,Malwa Sultanate
country.name.MOG,Moghulistan
country.name.MOL,Principality of Moldavia
country.name.MOR,Marinid Morocco
country.name.MOS,Mossi Kingdoms
country.name.MRC,Muromachi Shogunate
country.name.MUI,Muisca Confederation
country.name.MVY,Duchy of Moscow
country.name.MYN,Ming Dynasty
country.name.NAP,Kingdom of Naples
country.name.NAV,Kingdom of Navarre
country.name.NBH,Nabhani Kingdom of Oman
country.name.NEP,Malla Kingdom of Nepal
country.name.NVD,Novgorod Republic
country.name.ORI,Gajapati Kingdom of Orissa
country.name.OTT,Ottoman Empire
country.name.OYO,Oyo Empire
country.name.PAL,Electoral Palatinate
country.name.PAP,Papal States
country.name.PEG,Hanthawaddy Kingdom of Pegu
country.name.POL,Crown of Poland
country.name.PRT,Kingdom of Portugal
country.name.PSI,Samudra-Pasai Sultanate
country.name.PSK,Pskov Republic
country.name.PUE,Pueblo Peoples
country.name.RAM,Ramadanids
country.name.RYA,Principality of Ryazan
country.name.RYU,Ryukyu Kingdom
country.name.SAV,Duchy of Savoy
country.name.SAX,Electorate of Saxony
country.name.SCT,Kingdom of Scotland
country.name.SHV,Shirvanshahs
country.name.SIB,Siberian Khanate
country.name.SND,Samma Sultanate of Sindh
country.name.SON,Songhai Empire
country.name.SRB,Serbian Despotate
country.name.STE,Great Horde
country.name.SUL,Sultanate of Sulu
country.name.SWD,Kingdom of Sweden
country.name.TAH,Tahirid Sultanate of Yemen
country.name.TAI,Taino Cacicazgos
country.name.TAR,Tarascan State (Purepecha)
country.name.TEU,Teutonic Order
country.name.TIB,Tibet
country.name.TIM,Timurid Empire
country.name.TLX,Tlaxcala
country.name.TND,Kingdom of Tondo
country.name.TRE,Empire of Trebizond
country.name.TVR,Principality of Tver
country.name.UZB,Uzbek Khanate
country.name.VIJ,Vijayanagara Empire
country.name.VNC,Republic of Venice
country.name.WAL,Principality of Wallachia
country.name.WUR,County of Württemberg
country.name.ZAP,Zapotec Kingdom
country.name.ZAY,Zayyanid Kingdom of Tlemcen
country.name.ZIM,Kingdom of Zimbabwe
mod.owo.popup.startup.body_no_date,Europe and Asia stand between old feudal orders and rising centralized states.\nTrade routes across the Mediterranean Black Sea Indian Ocean and Silk Road are the arteries of power.\nGunpowder armies are emerging but cavalry levies and fortresses still decide most wars.\n\nYou command one of 137 historical polities with period-appropriate rulers borders and military posture.\nUse the briefing button in the toolbar to reopen this briefing at any time.
mod.owo.popup.startup.body_with_date,Date: {0}-{1}\n\nEurope and Asia stand between old feudal orders and rising centralized states.\nTrade routes across the Mediterranean Black Sea Indian Ocean and Silk Road are the arteries of power.\nGunpowder armies are emerging but cavalry levies and fortresses still decide most wars.\n\nYou command one of 137 historical polities with period-appropriate rulers borders and military posture.\nUse the briefing button in the toolbar to reopen this briefing at any time.
mod.owo.popup.startup.title,Old World Order, 1450
mod.ui.toolbar.welcome_tooltip,Open Strategic Briefing
ui.button.ok,OK
building.factory.name,Oficina de Guilda
building.factory.description,Oficinas de corporações de ofício e ferrarias que produzem artefatos de metal, tecidos e armaduras.
building.commercial_district.name,Praça do Mercado
building.commercial_district.description,Praça calçada com bancas de mercadores para o comércio regional, feiras e tarifas de pedágio.
building.trade_port.name,Porto e Docas
building.trade_port.description,Fondeadouro abrigado e cais de pedra para receber carracas comerciais, galés e cargas marítimas.
building.tech_park.name,Escribania e Biblioteca
building.tech_park.description,Escribania monástica ou municipal guardando manuscritos iluminados, cartas náuticas e tratados.
building.barracks.name,Guarnição e Praça de Armas
building.barracks.description,Campo de treino, armaria e quartéis para milícias urbanas, guardas e soldados de infantaria.
building.military_base.name,Castelo e Torre de Menagem
building.military_base.description,Imponente fortaleza de pedra com muralhas, torres e fossos afirmando a autoridade senhorial.
building.arms_factory.name,Fundição de Canhões e Sinos
building.arms_factory.description,Fundição que forja bombardas de bronze, balas de ferro, arcabuzes e maquinários de cerco.
building.highway.name,Estrada Real Calçada
building.highway.description,Estrada real calçada com pontes de pedra e estações de correio para mensageiros e tropas.
building.power_plant.name,Moinhos de Água e Vento
building.power_plant.description,Rodas d'água e moinhos de vento movendo moagens de grãos, serrarias e martelos de forja.
building.hospital.name,Enfermaria e Botica de Ervas
building.hospital.description,Hospital administrado por ordens religiosas ou mestres boticários fornecendo unguentos e abrigo aos doentes.
building.university.name,Universidade Medieval
building.university.description,Renomado centro escolástico educando clérigos e juristas em teologia, direito civil, retórica e medicina.
building.naval_base.name,Arsenal Naval e Estaleiro
building.naval_base.description,Arsenal régio e estaleiros náuticos construindo galés de guerra, carracas e aparelhos navais.
building.radar_station.name,Rede de Torres de Vigia e Almenaras
building.radar_station.description,Sistema de atalaias e fogueiras de alerta que detectam o avanço de tropas inimigas.
building.intelligence_hq.name,Gabinete do Mestre de Espiões
building.intelligence_hq.description,Gabinete central de espionagem que comanda informantes da corte, intercepta cartas e conduz tramas secretas.
building.counterintel_bureau.name,Tribunal da Inquisição
building.counterintel_bureau.description,Tribunal judiciário e guarda municipal eliminando agitadores estrangeiros, motins e infiltrações secretas.
doctrine.military.t1.professional_armed_forces,Plate Armor & Blast Furnaces
doctrine.military.t1.professional_armed_forces.desc,Hydraulic-powered bellows in blast furnaces produce superior tempered steel for articulated plate armor.
doctrine.military.t2.precision_warfare,Crossbow & Pavise Formations
doctrine.military.t2.precision_warfare.desc,Disciplined ranks of crossbowmen protected by tall standing pavises, countering heavy cavalry charges.
doctrine.military.t3.heavy_firepower,Bombard Casting & Siege Gunpowder
doctrine.military.t3.heavy_firepower.desc,Massive cast-bronze bombards and corned gunpowder formulations capable of crumbling medieval curtain walls.
doctrine.economy.t1.fiscal_discipline,Double-Entry Bookkeeping & Merchant Banking
doctrine.economy.t1.fiscal_discipline.desc,Venetian and Florentine double-entry ledgers, bills of exchange, and merchant deposit banks revolutionizing commerce.
doctrine.economy.t3.commercial_economy,Caravel Hull & Lateen Sail Rigging
doctrine.economy.t3.commercial_economy.desc,Manoeuvrable shallow-draft hulls combined with triangular lateen sails, enabling ships to tack against head winds.
owo.doctrine.military.t1,Levy and Retinue
owo.doctrine.military.t1.question,How are your armies raised?
owo.doctrine.military.t1.feudal_levies,Feudal Levies
owo.doctrine.military.t1.feudal_levies.desc,Vassals answer the summons with their peasants and men-at-arms: cheap, plentiful and slow to muster.
owo.doctrine.military.t2,Battlefield Tactics
owo.doctrine.military.t2.question,Which tactics win your battles?
owo.doctrine.military.t2.heavy_cavalry_charge,Heavy Cavalry Charge
owo.doctrine.military.t2.heavy_cavalry_charge.desc,Armoured knights and sipahis break the enemy line in one thundering charge, at a steep price in horses and armour.
owo.doctrine.military.t3,Siegecraft
owo.doctrine.military.t3.question,How do you break walls, or hold them?
owo.doctrine.military.t3.bastion_fortifications,Bastion Fortifications
owo.doctrine.military.t3.bastion_fortifications.desc,Low, thick angled bastions shrug off cannon fire and turn every border fortress into a trap for besiegers.
owo.doctrine.military.t4,Supply and March
owo.doctrine.military.t4.question,How do you keep armies in the field?
owo.doctrine.military.t4.baggage_trains,Baggage Trains and Depots
owo.doctrine.military.t4.baggage_trains.desc,Wagon trains, river barges and fortified depots keep the host fed through long campaigns.
owo.doctrine.military.t4.living_off_the_land,Living off the Land
owo.doctrine.military.t4.living_off_the_land.desc,Armies forage and requisition as they march: cheap to keep, bitter for the provinces they cross.
owo.doctrine.military.t5,Standing Armies
owo.doctrine.military.t5.question,What will your realm's army become?
owo.doctrine.military.t5.permanent_standing_army,Permanent Standing Army
owo.doctrine.military.t5.permanent_standing_army.desc,Salaried companies under the crown's banner stay under arms in peace and war alike.
owo.doctrine.military.t5.condottieri_contracts,Condottieri Contracts
owo.doctrine.military.t5.condottieri_contracts.desc,Mercenary captains sell whole companies by contract, ready to march wherever the gold is good.
owo.doctrine.military.milestone,Military Revolution
owo.doctrine.military.milestone.desc,Gunpowder, drill and permanent companies have remade how your realm wages war.
owo.doctrine.economy.t1,Royal Finances
owo.doctrine.economy.t1.question,How does the crown fill its coffers?
owo.doctrine.economy.t1.tax_farming,Tax Farming
owo.doctrine.economy.t1.tax_farming.desc,Collectors buy the right to gather taxes in advance: quick coin for the crown, hard times for the peasantry.
owo.doctrine.economy.t2,Guilds and Markets
owo.doctrine.economy.t2.question,Who controls trade in your towns?
owo.doctrine.economy.t2.chartered_craft_guilds,Chartered Craft Guilds
owo.doctrine.economy.t2.chartered_craft_guilds.desc,Royal charters grant guilds control over quality, prices and apprentices in every workshop.
owo.doctrine.economy.t2.free_fairs,Free Fairs and Market Towns
owo.doctrine.economy.t2.free_fairs.desc,Toll-free seasonal fairs draw merchants from distant lands to your market towns.
owo.doctrine.economy.t3,Long-Distance Trade
owo.doctrine.economy.t3.question,Where does your wealth travel?
owo.doctrine.economy.t3.caravanserai_network,Caravanserai Network
owo.doctrine.economy.t3.caravanserai_network.desc,Fortified inns a day's ride apart keep the silk and spice caravans moving safely overland.
owo.doctrine.economy.t4,Granaries and Coinage
owo.doctrine.economy.t4.question,How do you weather famine and debasement?
owo.doctrine.economy.t4.royal_granaries,Royal Granaries
owo.doctrine.economy.t4.royal_granaries.desc,Crown granaries buy grain in good harvests and open their doors in lean years.
owo.doctrine.economy.t4.sound_coinage,Sound Coinage
owo.doctrine.economy.t4.sound_coinage.desc,A trusted mint refuses to clip or debase the coin, and lenders reward the crown's good name.
owo.doctrine.economy.t5,Mercantile Power
owo.doctrine.economy.t5.question,What kind of economic power will you be?
owo.doctrine.economy.t5.trading_post_empire,Trading-Post Empire
owo.doctrine.economy.t5.trading_post_empire.desc,Fortified factories on distant coasts funnel spices, gold and sugar into the royal treasury.
owo.doctrine.economy.t5.agrarian_crown_estates,Agrarian Crown Estates
owo.doctrine.economy.t5.agrarian_crown_estates.desc,Drained marshes, new villages and crown estates make the land itself the source of the realm's wealth.
owo.doctrine.economy.milestone,Commercial Revolution
owo.doctrine.economy.milestone.desc,Banking, bills of exchange and long-distance trade have made your realm's wealth work for it.
owo.event.fall_of_constantinople_1453.title,A Queda de Constantinopla
owo.event.fall_of_constantinople_1453.description,Em 29 de maio de 1453, após um cerco de 53 dias, as forças do sultão Mehmed II romperam as antigas muralhas teodosianas. O Império Romano do Oriente sucumbiu, encerrando mais de um milênio de civilização bizantina. Constantinopla torna-se a grandiosa capital do Império Otomano.
owo.event.fall_of_constantinople_1453.option_1,Kostantiniyye brilhará como a joia da coroa do nosso império!
owo.event.fall_of_constantinople_1453_christendom.title,A Queda de Constantinopla
owo.event.fall_of_constantinople_1453_christendom.description,Em 29 de maio de 1453, após um cerco de 53 dias, as forças do sultão Mehmed II romperam as antigas muralhas teodosianas. O Império Romano do Oriente sucumbiu, encerrando mais de um milênio de civilização bizantina. Constantinopla torna-se a grandiosa capital do Império Otomano.
owo.event.fall_of_constantinople_1453_christendom.option_1,Um trágico crepúsculo para o mundo romano cristão.
owo.event.end_hundred_years_war_1453.title,Batalha de Castillon: O Fim da Guerra dos Cem Anos
owo.event.end_hundred_years_war_1453.description,Em julho de 1453, a artilharia francesa de Jean Bureau derrotou os cavaleiros ingleses em Castillon. A coroa francesa recuperou Bordéus e a Guiena, expulsando as armas inglesas de todo o continente europeu, com exceção de Calais.
owo.event.end_hundred_years_war_1453.option_1,A França ergue-se enfim soberana e unida!
owo.event.end_hundred_years_war_1453_england.title,Batalha de Castillon: O Fim da Guerra dos Cem Anos
owo.event.end_hundred_years_war_1453_england.description,Em julho de 1453, a artilharia francesa de Jean Bureau derrotou os cavaleiros ingleses em Castillon. A coroa francesa recuperou Bordéus e a Guiena, expulsando as armas inglesas de todo o continente europeu, com exceção de Calais.
owo.event.end_hundred_years_war_1453_england.option_1,Uma dolorosa retirada através do Canal da Mancha.
owo.event.gutenberg_printing_press_1455.title,A Revolução da Imprensa de Gutenberg
owo.event.gutenberg_printing_press_1455.description,Na cidade alemã de Mainz, Johannes Gutenberg combinou tipos móveis de chumbo, tinta a óleo e uma prensa de madeira para produzir a Bíblia de 42 linhas, disseminando o conhecimento em velocidade sem precedentes.
owo.event.gutenberg_printing_press_1455.option_1,Patrocinai a fundação de prensas tipográficas em nossas cidades.
owo.event.wars_of_the_roses_1455.title,Eclosão da Guerra das Rosas
owo.event.wars_of_the_roses_1455.description,Após a derrota na França e a debilidade do rei Henrique VI, a rivalidade entre as casas de Lancaster e York culminou em violência em St Albans, mergulhando a Inglaterra em uma guerra civil dinástica.
owo.event.wars_of_the_roses_1455.option_1,Que Deus guarde o reino do caos da discórdia civil.
owo.event.portuguese_african_voyages_1460.title,Caravelas do Mar Oceano
owo.event.portuguese_african_voyages_1460.description,Sob o patrocínio do infante Dom Henrique, caravelas portuguesas dobraram o Cabo Verde e alcançaram o Golfo da Guiné. O comércio marítimo de ouro, pimenta e marfim enriquece Lisboa contornando as velhas rotas terrestres.
owo.event.portuguese_african_voyages_1460.option_1,Ampliai as nossas feitorias fortificadas ao longo da costa africana!
owo.goal.basic_fill_the_treasury,Fill the Royal Treasury
owo.goal.basic_fill_the_treasury.desc,A realm without coin cannot raise armies or keep the peace. Build a reserve worth defending.
owo.task.basic_fill_the_treasury.treasury,Hold 500 fl. in the treasury
owo.goal.basic_first_alliance,Seek a Trusted Ally
owo.goal.basic_first_alliance.desc,No crown stands alone for long. Win the friendship of a neighbour.
owo.task.basic_first_alliance.relations,Reach good relations with another realm
owo.goal.ott_heir_of_rome,Heir of Rome
owo.goal.ott_heir_of_rome.desc,Take Constantinople and claim the mantle of the Caesars.
owo.task.ott_heir_of_rome.war,Declare war on the Byzantine Empire
owo.task.ott_heir_of_rome.army,Muster 20,000 soldiers
owo.goal.ott_anatolian_unity,Anatolian Unity
owo.goal.ott_anatolian_unity.desc,Bring Karaman and the other beyliks under the Sultan's authority.
owo.task.ott_anatolian_unity.karaman,Declare war on the Karamanids
owo.task.ott_anatolian_unity.candar,Reach good relations with the Candarids
owo.goal.fra_end_hundred_years_war,End the Hundred Years' War
owo.goal.fra_end_hundred_years_war.desc,Drive the English crown from Normandy and Guyenne for good.
owo.task.fra_end_hundred_years_war.war,Declare war on England
owo.task.fra_end_hundred_years_war.army,Muster 15,000 soldiers
owo.goal.fra_contain_burgundy,Contain Burgundy
owo.goal.fra_contain_burgundy.desc,Keep the Grand Dukes of the West from carving a kingdom out of France's borderlands.
owo.task.fra_contain_burgundy.scotland,Renew the Auld Alliance with Scotland
owo.goal.cas_reconquista,Complete the Reconquista
owo.goal.cas_reconquista.desc,Bring down the Emirate of Granada, the last Muslim realm in Iberia.
owo.task.cas_reconquista.war,Declare war on Granada
owo.goal.cas_union_with_aragon,Union of the Crowns
owo.goal.cas_union_with_aragon.desc,Bind Castile and Aragon together into one Spanish monarchy.
owo.task.cas_union_with_aragon.alliance,Ally with the Crown of Aragon
owo.goal.ott_danubian_frontier,Fortify the Danubian March
owo.goal.ott_danubian_frontier.desc,Secure the fortress line along the Danube river against Hungarian and crusader counter-offensives.
owo.task.ott_danubian_frontier.army,Muster 25,000 soldiers
owo.task.ott_danubian_frontier.treasury,Hold 800 fl. in the treasury
owo.goal.fra_compagnies_ordonnance,Compagnies d'Ordonnance
owo.goal.fra_compagnies_ordonnance.desc,Institutionalize France's first professional standing army financed by a permanent royal tax.
owo.task.fra_compagnies_ordonnance.standing_army,Muster 15,000 professional soldiers
owo.task.fra_compagnies_ordonnance.treasury,Hold 600 fl. in the royal treasury
owo.goal.eng_fortress_calais,Fortress Calais & the Narrow Seas
owo.goal.eng_fortress_calais.desc,Strengthen the fortifications of the Calais Pale and maintain naval mastery over the English Channel.
owo.task.eng_fortress_calais.fleet,Muster a fleet of 10 warships
owo.task.eng_fortress_calais.treasury,Hold 600 fl. in the exchequer
owo.goal.eng_scottish_border,Guard the Northern Marches
owo.goal.eng_scottish_border.desc,Secure the Scottish Border Marches and neutralize the threat of a northern Auld Alliance invasion.
owo.task.eng_scottish_border.scotland,Pacify Scotland through diplomacy
owo.goal.eng_royal_solvency,Restore Royal Solvency
owo.goal.eng_royal_solvency.desc,Reorganize the exchequer, manage war debts, and restore parliamentary confidence in the Crown.
owo.task.eng_royal_solvency.treasury,Accumulate 1,200 fl. in the royal treasury
owo.goal.cas_western_seas,Chart the Ocean Sea
owo.goal.cas_western_seas.desc,Sponsor intrepid navigators to seek a westward sea route across the Atlantic.
owo.task.cas_western_seas.fleet,Build a naval exploration squadron of 10 ships
owo.task.cas_western_seas.treasury,Fund expeditions with 1,000 fl. in treasury
owo.goal.prt_chart_african_coast,Chart the African Coast
owo.goal.prt_chart_african_coast.desc,Push maritime caravels southward past Guinea to map the southern extremity of the African continent.
owo.task.prt_chart_african_coast.navigation_tech,Advance navigational knowledge by researching 2 doctrine tiers
owo.task.prt_chart_african_coast.caravels,Muster a caravel fleet of 8 ships
owo.goal.prt_spice_monopoly,Maritime Spice Monopoly
owo.goal.prt_spice_monopoly.desc,Establish armed feitorias along the Indian Ocean to secure the exclusive maritime spice trade.
owo.task.prt_spice_monopoly.fleet,Muster a merchant fleet of 15 ships
owo.task.prt_spice_monopoly.treasury,Amass 2,000 fl. in commercial reserves
owo.goal.myn_tumu_crisis_recovery,Overcome the Tumu Crisis
owo.goal.myn_tumu_crisis_recovery.desc,Rally the imperial court under Minister Yu Qian, fortify Beijing, and repel the Oirat Mongol invaders.
owo.task.myn_tumu_crisis_recovery.army,Mobilize 50,000 imperial troops
owo.task.myn_tumu_crisis_recovery.treasury,Hold 1,000 fl. in the imperial treasury
owo.goal.myn_rebuild_great_wall,Stone Walls of the Ming Frontier
owo.goal.myn_rebuild_great_wall.desc,Construct contiguous stone and brick watchtowers along the northern frontier passes to ensure enduring peace.
owo.task.myn_rebuild_great_wall.frontier_army,Garrison the northern marches with 30,000 soldiers
owo.task.myn_rebuild_great_wall.treasury,Dedicate 2,500 fl. to frontier defenses
owo.goal.myn_grand_canal,Dredge the Grand Canal
owo.goal.myn_grand_canal.desc,Reconstruct and dredge the 1,700-kilometer Grand Canal to guarantee continuous grain shipments from the Yangtze to the capital.
owo.task.myn_grand_canal.treasury,Invest 2,000 fl. in Grand Canal restoration
owo.doctrine.government.t1,Feudal Oaths & Bailiffs
owo.doctrine.government.t1.question,How is authority exercised across the realm?
owo.doctrine.government.t1.feudal_oaths,Feudal Oaths & Vassalage
owo.doctrine.government.t1.feudal_oaths.desc,Personal fealty and vassal contracts form the bedrock of the realm's military and civil order.
owo.doctrine.government.t1.centralized_bailiffs,Crown Bailiffs & Sheriffs
owo.doctrine.government.t1.centralized_bailiffs.desc,Direct royal officers enforce the sovereign's peace and collect crown dues across the provinces.
owo.doctrine.government.t2,Councils & Assemblies
owo.doctrine.government.t2.question,Who counsels the crown on law and taxation?
owo.doctrine.government.t2.privy_council,Privy Council of Magnates
owo.doctrine.government.t2.privy_council.desc,A select council of trusted lords and prelates guides statecraft with speed and discretion.
owo.doctrine.government.t2.chartered_parliaments,Estates & Parliaments
owo.doctrine.government.t2.chartered_parliaments.desc,Regular consultative assemblies of nobility, clergy, and burghers negotiate subsidies and redress grievances.
owo.doctrine.government.t3,Codified Justice & Records
owo.doctrine.government.t3.question,How are disputes settled and statutes recorded?
owo.doctrine.government.t3.codified_customary_law,Codified Customary Law
owo.doctrine.government.t3.codified_customary_law.desc,Recording local customs and royal decrees into authoritative statute rolls reduces arbitrary injustice.
owo.doctrine.government.t3.chancery_clerks,Royal Chancery
owo.doctrine.government.t3.chancery_clerks.desc,A dedicated administrative secretariat drafts charters, letters patent, and tax assessments with professional rigor.
owo.doctrine.government.t4,Sovereign Ordinances
owo.doctrine.government.t4.question,How far does royal decree reach?
owo.doctrine.government.t4.royal_ordinances,Royal Ordinances & Edicts
owo.doctrine.government.t4.royal_ordinances.desc,Binding sovereign edicts supersede regional feudal customs, establishing uniform royal jurisprudence.
owo.doctrine.government.t4.provincial_intendants,Provincial Intendants
owo.doctrine.government.t4.provincial_intendants.desc,Crown commissioners oversee local courts, tax collection, and civic order with full delegated authority.
owo.doctrine.government.t5,Sovereign Statehood
owo.doctrine.government.t5.question,What is the ultimate source of crown authority?
owo.doctrine.government.t5.divine_right_monarchy,Divine Right Monarchy
owo.doctrine.government.t5.divine_right_monarchy.desc,The crown's mandate is held directly from Providence, elevating the sovereign above all temporal faction.
owo.doctrine.government.t5.bureaucratic_centralism,Bureaucratic Centralism
owo.doctrine.government.t5.bureaucratic_centralism.desc,A permanent ministerial administration enforces royal policy from the capital across all crown lands.
owo.doctrine.government.milestone,Centralized Monarchy
owo.doctrine.government.milestone.desc,From disparate feudal claims, an enduring, institutional crown governance has been forged.
owo.doctrine.society.t1,Agrarian Commons
owo.doctrine.society.t1.question,How is land and labour organized in the countryside?
owo.doctrine.society.t1.communal_commons,Communal Grazing & Open Fields
owo.doctrine.society.t1.communal_commons.desc,Village open-field rotations and shared pasture sustain communal harmony and peasant livelihoods.
owo.doctrine.society.t1.manorial_estates,Manorial Estate Demesnes
owo.doctrine.society.t1.manorial_estates.desc,Concentrated noble demesnes maximize surplus grain and corvée duties for the crown's war chest.
owo.doctrine.society.t2,Guilds & Peasant Status
owo.doctrine.society.t2.question,What rights do urban artisans and rural workers hold?
owo.doctrine.society.t2.guild_charters,Chartered Trade Guilds
owo.doctrine.society.t2.guild_charters.desc,Exclusive craft charters regulate manufacturing standards, apprenticeship, and civic stability.
owo.doctrine.society.t2.free_peasantry,Emancipation of Serfs
owo.doctrine.society.t2.free_peasantry.desc,Commuting feudal bondages into monetary rents encourages peasant enterprise and population growth.
owo.doctrine.society.t3,Civic Institutions & Learning
owo.doctrine.society.t3.question,Who tends the sick and educates the learned?
owo.doctrine.society.t3.monastic_hospitals,Monastic Infirmaries & Alms
owo.doctrine.society.t3.monastic_hospitals.desc,Religious orders maintain hospital networks and charitable relief, shielding populations from disease and famine.
owo.doctrine.society.t3.cathedral_schools,Cathedral Schools & Universities
owo.doctrine.society.t3.cathedral_schools.desc,Scholastic faculties train jurists, theologians, and medical doctors to serve the realm.
owo.doctrine.society.t4,Civic Order & Patronage
owo.doctrine.society.t4.question,How do towns withstand crisis and display prosperity?
owo.doctrine.society.t4.civic_relief_funds,Town Relief Granaries
owo.doctrine.society.t4.civic_relief_funds.desc,Municipal grain reserves and emergency charity mitigate popular unrest during lean harvests.
owo.doctrine.society.t4.burgher_patronage,Burgher Civic Patronage
owo.doctrine.society.t4.burgher_patronage.desc,Wealthy merchant patricians endow public monuments, guildhalls, and hospitals to display civic renown.
owo.doctrine.society.t5,Renaissance Flourishing
owo.doctrine.society.t5.question,What culture defines the spirit of your people?
owo.doctrine.society.t5.humanist_renaissance,Humanist Renaissance
owo.doctrine.society.t5.humanist_renaissance.desc,Classical revival, vernacular literature, and natural philosophy ignite an unprecedented era of innovation.
owo.doctrine.society.t5.estate_harmony,Concord of Estates
owo.doctrine.society.t5.estate_harmony.desc,Balance among the nobility, clergy, and commons establishes deep social peace and enduring legitimacy.
owo.doctrine.society.milestone,Renaissance Society
owo.doctrine.society.milestone.desc,Your society has transitioned from dark insularity into a flourishing, cultured realm.
owo.doctrine.diplomacy.t1,Heralds & Dynastic Ties
owo.doctrine.diplomacy.t1.question,How do you initiate contact with foreign courts?
owo.doctrine.diplomacy.t1.royal_heralds,Royal Heralds & Couriers
owo.doctrine.diplomacy.t1.royal_heralds.desc,Inviolable royal heralds deliver solemn proclamations, safe conducts, and treaty terms across borders.
owo.doctrine.diplomacy.t1.dynastic_marriages,Dynastic Royal Marriages
owo.doctrine.diplomacy.t1.dynastic_marriages.desc,Strategic marital alliances bind princely houses together, cementing fragile peace with royal blood.
owo.doctrine.diplomacy.t2,Embassies & Subsidies
owo.doctrine.diplomacy.t2.question,How do you maintain continuous relations abroad?
owo.doctrine.diplomacy.t2.resident_ambassadors,Permanent Resident Embassies
owo.doctrine.diplomacy.t2.resident_ambassadors.desc,Stationing permanent diplomatic missions at key capitals ensures constant negotiation and intelligence.
owo.doctrine.diplomacy.t2.tribute_and_subsidies,Diplomatic Subsidies & Tribute
owo.doctrine.diplomacy.t2.tribute_and_subsidies.desc,Annual gold pensions keep buffer princes loyal and buy neutrality during major conflicts.
owo.doctrine.diplomacy.t3,Alliances & Commerce
owo.doctrine.diplomacy.t3.question,How do you protect your borders and sea lanes?
owo.doctrine.diplomacy.t3.defensive_leagues,Mutual Defensive Leagues
owo.doctrine.diplomacy.t3.defensive_leagues.desc,Formal collective defense treaties deter aggressive neighbours from attacking allied territories.
owo.doctrine.diplomacy.t3.mercantile_treaties,Bilateral Capitulations & Trade Treaties
owo.doctrine.diplomacy.t3.mercantile_treaties.desc,Reciprocal trading privileges, lowered tolls, and extraterritorial merchant quarters enrich foreign commerce.
owo.doctrine.diplomacy.t4,Mediation & Coercion
owo.doctrine.diplomacy.t4.question,How do you handle interstate rivalries?
owo.doctrine.diplomacy.t4.papal_and_caliphal_mediation,Spiritual & Arbitrated Mediation
owo.doctrine.diplomacy.t4.papal_and_caliphal_mediation.desc,Calling on venerable spiritual authorities to arbitrate territorial boundaries limits aggressive blowback.
owo.doctrine.diplomacy.t4.coercive_ultimatums,Sovereign Ultimatums
owo.doctrine.diplomacy.t4.coercive_ultimatums.desc,Forceful diplomatic ultimatums backed by military posturing compel weaker courts to yield without war.
owo.doctrine.diplomacy.t5,World Hegemony
owo.doctrine.diplomacy.t5.question,How do you structure the international order?
owo.doctrine.diplomacy.t5.concert_of_realms,Concert of Great Powers
owo.doctrine.diplomacy.t5.concert_of_realms.desc,Multilateral congresses and balance-of-power treaties preserve equilibrium among sovereign nations.
owo.doctrine.diplomacy.t5.hegemonic_vassal_system,Imperial Suzerainty & Vassalage
owo.doctrine.diplomacy.t5.hegemonic_vassal_system.desc,Subject princes owe military tribute and diplomatic subservience to the imperial throne.
owo.doctrine.diplomacy.milestone,Grand Statecraft
owo.doctrine.diplomacy.milestone.desc,Mastery of diplomacy has made your crown the undisputed arbiter of regional affairs.
owo.doctrine.intelligence.t1,Court Informants
owo.doctrine.intelligence.t1.question,How do you uncover plots against the throne?
owo.doctrine.intelligence.t1.palace_informants,Palace Informants & Watchers
owo.doctrine.intelligence.t1.palace_informants.desc,Bribery of courtiers and servants exposes treasonous domestic plots before they bear fruit.
owo.doctrine.intelligence.t1.whispering_networks,Tavern & Port Whispering Networks
owo.doctrine.intelligence.t1.whispering_networks.desc,Harbor watchers, innkeepers, and vagabonds report on troop movements and foreign agitators.
owo.doctrine.intelligence.t2,Ciphers & Subversion
owo.doctrine.intelligence.t2.question,How do you safeguard state secrets and sow discord?
owo.doctrine.intelligence.t2.cryptographic_ciphers,Polyalphabetic Ciphers
owo.doctrine.intelligence.t2.cryptographic_ciphers.desc,Mathematical secret writing shields sensitive diplomatic dispatches from interception.
owo.doctrine.intelligence.t2.covert_provocateurs,Sedition & Provocateurs
owo.doctrine.intelligence.t2.covert_provocateurs.desc,Covert agents infiltrate rival territories to incite unrest among discontented vassals.
owo.doctrine.intelligence.t3,The Spymaster
owo.doctrine.intelligence.t3.question,Who orchestrates the realm's covert reach?
owo.doctrine.intelligence.t3.master_of_spies,The Master of Spies
owo.doctrine.intelligence.t3.master_of_spies.desc,A high crown minister coordinates domestic surveillance, overseas safehouses, and black funds.
owo.doctrine.intelligence.t3.subversive_propaganda,Pamphleteering & Preachers
owo.doctrine.intelligence.t3.subversive_propaganda.desc,Distributing incendiary woodcuts and sponsoring travelling friars undermines enemy legitimacy.
owo.doctrine.intelligence.t4,Inquisition & Counter-Spies
owo.doctrine.intelligence.t4.question,How do you neutralize hostile infiltrators?
owo.doctrine.intelligence.t4.inquisitorial_apparatus,Inquisitorial Tribunal
owo.doctrine.intelligence.t4.inquisitorial_apparatus.desc,Systematic investigative tribunals root out foreign heretics, saboteurs, and double agents.
owo.doctrine.intelligence.t4.intercepted_pigeon_couriers,Carrier Pigeon Interceptions
owo.doctrine.intelligence.t4.intercepted_pigeon_couriers.desc,Postal censorship and intercepting homing couriers cracks foreign communication chains.
owo.doctrine.intelligence.t5,Shadow Hegemony
owo.doctrine.intelligence.t5.question,How do you wield unseen power?
owo.doctrine.intelligence.t5.black_chamber_statecraft,The Sovereign Black Chamber
owo.doctrine.intelligence.t5.black_chamber_statecraft.desc,A clandestine royal intelligence bureau capable of forging treaties, bribing regents, and altering successions.
owo.doctrine.intelligence.t5.covert_dynastic_intrigue,Dynastic Sabotage & Poison
owo.doctrine.intelligence.t5.covert_dynastic_intrigue.desc,Targeted covert operations eliminate key enemy commanders and heirs at decisive historical moments.
owo.doctrine.intelligence.milestone,Master of the Shadows
owo.doctrine.intelligence.milestone.desc,No secret in the known world is kept from your all-seeing intelligence apparatus.
owo.doctrine.industry.t1,Milling & Forestry
owo.doctrine.industry.t1.question,How do you harness mechanical power and timber?
owo.doctrine.industry.t1.water_powered_mills,Water-Powered Mills
owo.doctrine.industry.t1.water_powered_mills.desc,Waterwheels driving grain mills, fulling mills, and sawmills multiply provincial production output.
owo.doctrine.industry.t1.timber_and_charcoal_works,Managed Forestry & Charcoal Kilns
owo.doctrine.industry.t1.timber_and_charcoal_works.desc,Systematic coppicing and earthen charcoal kilns supply the indispensable fuel for medieval metalworking.
owo.doctrine.industry.t2,Foundries & Stone
owo.doctrine.industry.t2.question,How do you extract and refine building materials?
owo.doctrine.industry.t2.guild_metalwork_foundries,Foundry Castings & Smiths
owo.doctrine.industry.t2.guild_metalwork_foundries.desc,Cooperative foundry furnaces produce durable wrought iron tools, anchors, and armor plates.
owo.doctrine.industry.t2.quarry_and_masonry_concessions,Royal Quarries & Master Masons
owo.doctrine.industry.t2.quarry_and_masonry_concessions.desc,Organized quarrying and stonecutters' lodges accelerate cathedral and fortress construction.
owo.doctrine.industry.t3,Arsenals & Deep Mining
owo.doctrine.industry.t3.question,How do you equip armies and dig deeper?
owo.doctrine.industry.t3.arsenal_shipbuilding,State Naval Arsenals
owo.doctrine.industry.t3.arsenal_shipbuilding.desc,Centralized drydocks and ropewalks build and equip galleys and cogs with modular efficiency.
owo.doctrine.industry.t3.deep_shaft_mining,Deep-Shaft Mining & Drainage
owo.doctrine.industry.t3.deep_shaft_mining.desc,Horse-whim drainage pumps and timber shoring unlock rich silver, copper, and tin veins underground.
owo.doctrine.industry.t4,Blast Furnaces & Armaments
owo.doctrine.industry.t4.question,How do you modernize heavy metallurgy?
owo.doctrine.industry.t4.early_blast_furnaces,Early Blast Furnaces
owo.doctrine.industry.t4.early_blast_furnaces.desc,Tall masonry blast furnaces with water bellows produce continuous cast pig iron at high heat.
owo.doctrine.industry.t4.royal_arms_manufactories,Royal Armouries & Gunfoundries
owo.doctrine.industry.t4.royal_arms_manufactories.desc,Consolidated crown workshops forge arquebuses, crossbars, and iron shot at massive scale.
owo.doctrine.industry.t5,Proto-Industry
owo.doctrine.industry.t5.question,What will your realm's productive future become?
owo.doctrine.industry.t5.proto_industrial_workshops,Proto-Industrial Workshops
owo.doctrine.industry.t5.proto_industrial_workshops.desc,Putting-out systems and regional artisanal clusters pioneer high-volume manufacturing.
owo.doctrine.industry.t5.standardized_ordnance,Standardized Calibers & Ordnance
owo.doctrine.industry.t5.standardized_ordnance.desc,Strict metallurgical calibers ensure ammunition interchangeability and devastating battlefield efficiency.
owo.doctrine.industry.milestone,Proto-Industrial Revolution
owo.doctrine.industry.milestone.desc,Your furnaces, mines, and arsenals make your realm the mechanical titan of the late medieval age.
mod.ui.popup.title,Welcome to Old World Order
mod.ui.popup.body,You lead one of ~120 nations in 1450 AD. Command historically accurate armies, forge alliances, and rewrite the fate of the medieval world. This mod features the Ottoman Empire, Ming Dynasty, Portugal, France, England, Muscovy, the Timurids, and more.
mod.ui.popup.continue,Continue
mod.ui.popup.mod_info,Open Mod Info
doctrine.industry.t1.mass_production_system,Movable Type Printing Press
doctrine.industry.t1.mass_production_system.desc,Hand mold casting lead alloy type and screw presses that democratize book production and administrative recordkeeping.
doctrine.industry.t2.continuous_production,Watermill & Windmill Engineering
doctrine.industry.t2.continuous_production.desc,Sophisticated geared drive shafts and tidal mills multiplying mechanical work output across rural provinces.
doctrine.diplomacy.t1.mobile_envoy_service,Diplomatic Ciphers & Courier Relay
doctrine.diplomacy.t1.mobile_envoy_service.desc,Encrypted diplomatic dispatches and fast royal horse relay networks ensuring secure communication across provinces.
doctrine.intelligence.t1.centralized_intelligence_directorate,Royal Spymaster & Informant Rings
doctrine.intelligence.t1.centralized_intelligence_directorate.desc,Recruitment of court informants, merchant spies, and harbor watchers providing advance intelligence of foreign schemes.
doctrine.intelligence.t4.defensive_counter_intelligence,Inquisition & Crown Surveillance
doctrine.intelligence.t4.defensive_counter_intelligence.desc,Royal judicial courts, town watches, and ecclesiastical scrutiny rooted in detecting foreign sedition.
owo.doctrine.military.directive.chevauchee,Chevauchee
owo.doctrine.military.directive.chevauchee.desc,Ride deep into enemy country and burn it: the war pays for itself in plunder and terror, and costs you the goodwill of every court that hears of it.
owo.doctrine.military.directive.fortress_realm,Fortress Realm
owo.doctrine.military.directive.fortress_realm.desc,Every march town gets a garrison and a mason's contract. Armies move slower and strike softer, but nothing takes your ground cheaply.
owo.doctrine.military.directive.mercenary_retainers,Mercenary Retainers
owo.doctrine.military.directive.mercenary_retainers.desc,Keep condottieri and free companies on standing retainer. They muster the moment the coin is counted, and they drink the treasury dry between wars.
owo.doctrine.military.hidden.corned_powder,Corned Powder
owo.doctrine.military.hidden.corned_powder.desc,Wetting, caking and grinding the powder into grains makes it burn hot and even. Guns that used to crack their own barrels now bring down curtain walls.
owo.doctrine.military.hidden.trace_italienne,Trace Italienne
owo.doctrine.military.hidden.trace_italienne.desc,Low angled bastions of earth and brick swallow cannon shot instead of shattering, and every approach is swept by flanking fire from the next bastion along.
owo.doctrine.military.hidden.janissary_corps,Janissary Corps
owo.doctrine.military.hidden.janissary_corps.desc,A standing household corps raised from boyhood, paid in cash and loyal to the throne alone. Discipline no feudal levy can match, and a paymaster who can never fall behind.
owo.doctrine.military.hidden.longbow_yeomanry,Longbow Yeomanry
owo.doctrine.military.hidden.longbow_yeomanry.desc,Statute obliges every freeholder to the butts on Sundays. A generation later you field archers no continental levy can buy, because they cannot be bought, only raised.
owo.doctrine.military.hidden.wagenburg,Wagenburg
owo.doctrine.military.hidden.wagenburg.desc,Chain the war wagons into a laager, load the hand-gunners behind the boards, and let the knights break themselves against it. Infantry that no longer fears cavalry.
owo.doctrine.military.hidden.galleass_squadrons,Galleass Squadrons
owo.doctrine.military.hidden.galleass_squadrons.desc,Oared hulls heavy enough to carry a broadside. They hold a line in a calm where the round ships drift, and they carry guns no galley could bear.
owo.doctrine.economy.directive.bullionist_crown,Bullionist Crown
owo.doctrine.economy.directive.bullionist_crown.desc,Silver that leaves the realm is silver lost. Tighten the customs, licence every export, and watch the mint fill while the merchants complain.
owo.doctrine.economy.directive.free_trade_charters,Free Trade Charters
owo.doctrine.economy.directive.free_trade_charters.desc,Sell charters of free passage to anyone with a hull. The tolls fall, the quaysides fill, and the crown takes its cut of a far larger trade.
owo.doctrine.economy.directive.crown_credit,Crown Credit
owo.doctrine.economy.directive.crown_credit.desc,Borrow against next year's customs at a banker's rate. The armies march on time, and the debasement that pays for it arrives quietly.
owo.doctrine.economy.hidden.bills_of_exchange,Bills of Exchange
owo.doctrine.economy.hidden.bills_of_exchange.desc,A merchant pays in Bruges and his factor is paid in Venice, and no coin crosses a bandit road. Credit moves at the speed of a courier.
owo.doctrine.economy.hidden.branch_banking,Branch Banking
owo.doctrine.economy.hidden.branch_banking.desc,One house, a ledger in every great city, and a partner who answers for the whole. The crown that banks with them borrows cheaply and is never quite free of them.
owo.doctrine.economy.hidden.hanseatic_kontor,Hanseatic Kontor
owo.doctrine.economy.hidden.hanseatic_kontor.desc,A walled trading compound with its own law, its own warehouse and its own quarrel with the town it sits in. Grain and furs move on Hansa terms.
owo.doctrine.economy.hidden.silver_strike,Silver Strike
owo.doctrine.economy.hidden.silver_strike.desc,A new seam opens and the mint works double shifts. The realm is suddenly rich, and every price in it begins to climb.
owo.doctrine.economy.hidden.salt_monopoly,Salt Monopoly
owo.doctrine.economy.hidden.salt_monopoly.desc,Nobody can cure a winter's meat without you. The most dependable revenue in the realm, and the one most likely to put peasants on the road with pitchforks.
owo.doctrine.economy.hidden.consignment_fleet,Consignment Fleet
owo.doctrine.economy.hidden.consignment_fleet.desc,Pool the cargo, pool the risk, and send the season's venture out under one flag. One lost hull no longer ruins a house.
owo.doctrine.government.directive.rule_by_ordinance,Rule by Ordinance
owo.doctrine.government.directive.rule_by_ordinance.desc,The king's word, sealed and proclaimed, is law by Friday. Decisions arrive fast and the estates remember every one of them.
owo.doctrine.government.directive.consult_the_estates,Consult the Estates
owo.doctrine.government.directive.consult_the_estates.desc,Nothing passes until the three estates have been heard. Slow, quarrelsome, and almost impossible to rebel against afterwards.
owo.doctrine.government.directive.crown_patrimony,Crown Patrimony
owo.doctrine.government.directive.crown_patrimony.desc,Take the royal demesne back into the king's own hand and audit every steward. Fewer favours to hand out, far fewer hands in the box.
owo.doctrine.government.hidden.pragmatic_sanction,Pragmatic Sanction
owo.doctrine.government.hidden.pragmatic_sanction.desc,Settle the succession in writing while the king still lives. Worth more than three fortresses on the day he dies.
owo.doctrine.government.hidden.royal_progress,Royal Progress
owo.doctrine.government.hidden.royal_progress.desc,The court moves through the provinces all summer, eating at the magnates' expense and reminding them what a king looks like.
owo.doctrine.government.hidden.cadastral_survey,Cadastral Survey
owo.doctrine.government.hidden.cadastral_survey.desc,Every field, hearth and mill written into the register. You finally know what the realm is worth, and so does every tax collector.
owo.doctrine.government.hidden.venality_of_office,Venality of Office
owo.doctrine.government.hidden.venality_of_office.desc,Sell the offices outright. The treasury fills this afternoon and the men who bought their posts expect to earn the price back.
owo.doctrine.government.hidden.coronation_oath,Coronation Oath
owo.doctrine.government.hidden.coronation_oath.desc,Crowned, anointed and sworn before the realm. Rebellion against you is no longer merely treason, it is sacrilege.
owo.doctrine.government.hidden.chancery_archive,Chancery Archive
owo.doctrine.government.hidden.chancery_archive.desc,Keep the rolls, keep the copies, keep them where a clerk can find them. A claim you can produce in writing is a claim you can win.
owo.doctrine.society.directive.pious_realm,Pious Realm
owo.doctrine.society.directive.pious_realm.desc,Endow the chantries, keep the feast days, and let the pulpit do the governing. A quiet, obedient realm that asks few new questions.
owo.doctrine.society.directive.patron_of_letters,Patron of Letters
owo.doctrine.society.directive.patron_of_letters.desc,Buy the manuscripts, keep the scholars, pay the copyists. The court becomes famous and the treasury notices.
owo.doctrine.society.directive.bread_and_charity,Bread and Charity
owo.doctrine.society.directive.bread_and_charity.desc,Open the granaries and fund the alms-houses before the hungry organise themselves. Expensive insurance against a very cheap riot.
owo.doctrine.society.hidden.printing_workshop,Printing Workshop
owo.doctrine.society.hidden.printing_workshop.desc,A press, a case of type and two men can outrun a scriptorium of forty. Ideas you like travel faster, and so do the others.
owo.doctrine.society.hidden.lazaretto_quarantine,Lazaretto Quarantine
owo.doctrine.society.hidden.lazaretto_quarantine.desc,Forty days offshore before any hull touches the quay. The merchants curse it every season it is not needed, and bless it the one season it is.
owo.doctrine.society.hidden.vernacular_scripture,Vernacular Scripture
owo.doctrine.society.hidden.vernacular_scripture.desc,Put the book in the language people actually speak. Devotion deepens, literacy spreads, and the clergy lose their monopoly on the argument.
owo.doctrine.society.hidden.civic_confraternities,Civic Confraternities
owo.doctrine.society.hidden.civic_confraternities.desc,Burial funds, dowry chests and a guild banner to march behind. The town looks after its own before it looks for someone to blame.
owo.doctrine.society.hidden.studia_humanitatis,Studia Humanitatis
owo.doctrine.society.hidden.studia_humanitatis.desc,Grammar, rhetoric, history and moral philosophy, taught from the recovered ancients. It produces better secretaries and much more dangerous ones.
owo.doctrine.society.hidden.apprentice_statutes,Apprentice Statutes
owo.doctrine.society.hidden.apprentice_statutes.desc,Seven years bound, then a masterpiece and a mastership. Skill is preserved exactly, which is also to say it changes very slowly.
owo.doctrine.diplomacy.directive.marriage_diplomacy,Marriage Diplomacy
owo.doctrine.diplomacy.directive.marriage_diplomacy.desc,Let others wage war; you will wed. Every daughter placed is a border that stops arguing, and a claim your grandson may collect.
owo.doctrine.diplomacy.directive.tribute_and_threat,Tribute and Threat
owo.doctrine.diplomacy.directive.tribute_and_threat.desc,Arrive with the fleet in the roadstead and the terms already written. They will sign, and they will remember.
owo.doctrine.diplomacy.directive.broker_of_peace,Broker of Peace
owo.doctrine.diplomacy.directive.broker_of_peace.desc,Host the talks, hold the pen, and let both sides owe you the settlement. Prestige is cheaper than provinces.
owo.doctrine.diplomacy.hidden.golden_bull_charter,Golden Bull Charter
owo.doctrine.diplomacy.hidden.golden_bull_charter.desc,A grant under the golden seal, irrevocable and very public. Privileges given this way are extremely hard to take back, which is the point.
owo.doctrine.diplomacy.hidden.hostage_exchange,Hostage Exchange
owo.doctrine.diplomacy.hidden.hostage_exchange.desc,Their heir is raised at your court and yours at theirs. A treaty with a pulse, and far harder to break than parchment.
owo.doctrine.diplomacy.hidden.papal_dispensation,Papal Dispensation
owo.doctrine.diplomacy.hidden.papal_dispensation.desc,The impediment is lifted, the marriage stands and the claim with it. Expensive, slow, and unanswerable once granted.
owo.doctrine.diplomacy.hidden.capitulations,Capitulations
owo.doctrine.diplomacy.hidden.capitulations.desc,Foreign merchants get their own quarter, their own consul and their own law. Trade floods in, and so does a resident foreign interest.
owo.doctrine.diplomacy.hidden.italic_league,Italic League
owo.doctrine.diplomacy.hidden.italic_league.desc,A standing pact to freeze the map: whoever moves first, everyone else moves against. Peace maintained by universal suspicion.
owo.doctrine.diplomacy.hidden.heralds_truce,Herald's Truce
owo.doctrine.diplomacy.hidden.heralds_truce.desc,Ransom tables, safe-conducts and a truce the heralds of both sides will enforce on their own princes. War with rules is war you can end.
owo.doctrine.intelligence.directive.black_chamber,Black Chamber
owo.doctrine.intelligence.directive.black_chamber.desc,Every diplomatic bag opened, copied, resealed and sent on unchanged. You learn everything and risk nothing abroad.
owo.doctrine.intelligence.directive.agents_abroad,Agents Abroad
owo.doctrine.intelligence.directive.agents_abroad.desc,Put your own men in their chanceries and pay them well. Reach at the price of a thin watch on your own house.
owo.doctrine.intelligence.directive.court_whispers,Court Whispers
owo.doctrine.intelligence.directive.court_whispers.desc,Rumour, placed carefully, does the work of an army. Cheap, deniable, and impossible to aim precisely.
owo.doctrine.intelligence.hidden.cipher_disk,Cipher Disk
owo.doctrine.intelligence.hidden.cipher_disk.desc,Two concentric alphabets and a turning index letter. Correspondence that a clever clerk can no longer read over a long afternoon.
owo.doctrine.intelligence.hidden.council_of_ten,Council of Ten
owo.doctrine.intelligence.hidden.council_of_ten.desc,A small standing committee with the power to act first and explain later. The most feared institution in any republic that has one.
owo.doctrine.intelligence.hidden.bought_clerk,Bought Clerk
owo.doctrine.intelligence.hidden.bought_clerk.desc,The man who copies the treaties is paid twice. The cheapest intelligence in Europe and the hardest to replace once lost.
owo.doctrine.intelligence.hidden.pilgrim_networks,Pilgrim Networks
owo.doctrine.intelligence.hidden.pilgrim_networks.desc,Nobody questions a pilgrim's road, a friar's lodging or a pedlar's pack. Cover that walks itself across every border in Christendom.
owo.doctrine.intelligence.hidden.apothecary_arts,Apothecary's Arts
owo.doctrine.intelligence.hidden.apothecary_arts.desc,A physician at a rival court is worth a regiment, and occasionally does the work of one. Nothing is ever proven.
owo.doctrine.intelligence.hidden.intercepted_bag,Intercepted Bag
owo.doctrine.intelligence.hidden.intercepted_bag.desc,The courier is robbed by bandits who take the purse and, regrettably, the despatches. Their alliance is known before it is signed.
owo.doctrine.industry.directive.arsenal_priority,Arsenal Priority
owo.doctrine.industry.directive.arsenal_priority.desc,The arsenal eats first: timber, iron, rope and every skilled hand. Fleets and guns arrive early and everything else waits.
owo.doctrine.industry.directive.public_works,Public Works
owo.doctrine.industry.directive.public_works.desc,Bridges, moles, aqueducts and roads. Slower to show a return than ordnance, and it shows it for two centuries.
owo.doctrine.industry.directive.stockpile_the_realm,Stockpile the Realm
owo.doctrine.industry.directive.stockpile_the_realm.desc,Fill the magazines, the granaries and the timber yards against the bad year. Capital sits idle in sheds, and the bad year always comes.
owo.doctrine.industry.hidden.blast_furnace,Blast Furnace
owo.doctrine.industry.hidden.blast_furnace.desc,Taller stacks and water-driven bellows keep the charge molten, so the iron is cast rather than beaten. Output by the ton instead of the bar.
owo.doctrine.industry.hidden.arsenal_assembly,Arsenal Assembly
owo.doctrine.industry.hidden.arsenal_assembly.desc,Standard frames, prepared timbers and a fitting-out canal the hull is towed along. A galley finished in a day, to order.
owo.doctrine.industry.hidden.saigerprozess,Saigerprozess
owo.doctrine.industry.hidden.saigerprozess.desc,Liquate the argentiferous copper with lead and the silver separates out. Ore that was worthless is suddenly a mint.
owo.doctrine.industry.hidden.overshot_wheel,Overshot Wheel
owo.doctrine.industry.hidden.overshot_wheel.desc,Water delivered to the top of the wheel instead of the bottom. Twice the power from the same stream, wherever a head can be built.
owo.doctrine.industry.hidden.wire_drawing_mill,Wire-Drawing Mill
owo.doctrine.industry.hidden.wire_drawing_mill.desc,Water-driven draw-benches pull rod into wire all day. Mail, pins, needles and cable in quantities no hand-bench could reach.
owo.doctrine.industry.hidden.dry_dock,Dry Dock
owo.doctrine.industry.hidden.dry_dock.desc,Float her in, shut the gate, pump out and work the hull dry. Careening season stops being a gamble with the tide.
